<?xml version="1.0" encoding="UTF-8"?>
<metadata xml:lang="en"><Esri><CreaDate>20180402</CreaDate><CreaTime>15154000</CreaTime><ArcGISFormat>1.0</ArcGISFormat><SyncOnce>FALSE</SyncOnce><DataProperties><lineage><Process ToolSource="c:\program files (x86)\arcgis\desktop10.1\ArcToolbox\Toolboxes\Data Management Tools.tbx\CalculateField" Date="20130409" Time="094306">CalculateField audiba_20130221_v0_private WEBSITE_1 ""http://netapp.audubon.org/iba/site/" + str(!SITE_ID!)" PYTHON_9.3 #</Process><Process ToolSource="c:\program files (x86)\arcgis\desktop10.1\ArcToolbox\Toolboxes\Data Management Tools.tbx\CalculateField" Date="20130409" Time="094656">CalculateField audiba_20130221_v0_private WEBSITE_2 ""http://netapp.audubon.org/iba/Reports/" + str(!SITE_ID!)" PYTHON_9.3 #</Process><Process ToolSource="c:\program files (x86)\arcgis\desktop10.1\ArcToolbox\Toolboxes\Data Management Tools.tbx\CalculateField" Date="20130514" Time="151809">CalculateField audiba_20130514_v1_private eBirdLink ""http://ebird.org/ebird/GuideMe?step=saveChoices&amp;getLocations=ibas&amp;continue=Continue&amp;reportType=location&amp;ibas=" + !State_DB! + "_" + str( !SITE_ID!)" PYTHON_9.3 #</Process><Process ToolSource="c:\program files (x86)\arcgis\desktop10.1\ArcToolbox\Toolboxes\Data Management Tools.tbx\Dissolve" Date="20130529" Time="154730">Dissolve audiba_20130514_v1_private C:\Users\tauer\Dropbox\Audubon\Mapping\data\iba_shapefile\iba_polygons.gdb\audiba_20130514_v1_private_diss SITE_ID "OBJECTID FIRST;type FIRST;SITE_NAME FIRST;STATE FIRST;PRIORITY FIRST;Public_db FIRST;Pub_bound FIRST;STATUS FIRST;State_DB FIRST;Contact_em FIRST;Flyway FIRST;SCALE2 FIRST;SOURCE FIRST;ACCURACY FIRST;PERC_PROT FIRST;TotalHA SUM;Protected FIRST;Ranked_bio FIRST;Ranked_vul FIRST;Ranked_pro FIRST;Conservati FIRST;eBirdLink FIRST;Latitude FIRST;Longitude FIRST;WEBSITE_1 FIRST;WEBSITE_2 FIRST" MULTI_PART DISSOLVE_LINES</Process><Process ToolSource="c:\program files (x86)\arcgis\desktop10.2\ArcToolbox\Toolboxes\Data Management Tools.tbx\CalculateField" Date="20131008" Time="151214">CalculateField NAS.DBO.IBA_POLY_10_7 STATE_DB US-MN VB #</Process><Process ToolSource="c:\program files (x86)\arcgis\desktop10.2\ArcToolbox\Toolboxes\Data Management Tools.tbx\CalculateField" Date="20131008" Time="160121">CalculateField NAS.DBO.IBA_POLY_10_7 STATE_DB "US-MN" VB #</Process><Process ToolSource="c:\program files (x86)\arcgis\desktop10.2\ArcToolbox\Toolboxes\Data Management Tools.tbx\CalculateField" Date="20131008" Time="160208">CalculateField NAS.DBO.IBA_POLY_10_7 CONTACT_EMAIL "khall@audubon.org" VB #</Process><Process ToolSource="c:\program files (x86)\arcgis\desktop10.2\ArcToolbox\Toolboxes\Data Management Tools.tbx\CalculateField" Date="20131008" Time="160250">CalculateField NAS.DBO.IBA_POLY_10_7 FLYWAY "Mississippi" VB #</Process><Process ToolSource="c:\program files (x86)\arcgis\desktop10.2\ArcToolbox\Toolboxes\Data Management Tools.tbx\CalculateField" Date="20131008" Time="160333">CalculateField NAS.DBO.IBA_POLY_10_7 SOURCE "State" VB #</Process><Process ToolSource="c:\program files (x86)\arcgis\desktop10.2\ArcToolbox\Toolboxes\Data Management Tools.tbx\CalculateField" Date="20131008" Time="160531">CalculateField NAS.DBO.IBA_POLY_10_7 SCALE "1:24,000" VB #</Process><Process ToolSource="c:\program files (x86)\arcgis\desktop10.2\ArcToolbox\Toolboxes\Data Management Tools.tbx\CalculateField" Date="20131008" Time="160729">CalculateField NAS.DBO.IBA_POLY_10_7 ACCURACY 2 VB #</Process><Process ToolSource="c:\program files (x86)\arcgis\desktop10.2\ArcToolbox\Toolboxes\Data Management Tools.tbx\CalculateField" Date="20131008" Time="161020">CalculateField NAS.DBO.IBA_POLY_10_7 EBIRD_LINK ""http://ebird.org/ebird/GuideMe?step=saveChoices&amp;getLocations=ibas&amp;continue=Continue&amp;reportType=location&amp;ibas=US-MN_" + str(!SITE_ID!)" PYTHON_9.3 #</Process><Process ToolSource="c:\program files (x86)\arcgis\desktop10.2\ArcToolbox\Toolboxes\Data Management Tools.tbx\CalculateField" Date="20131008" Time="161153">CalculateField NAS.DBO.IBA_POLY_10_7 EBIRD_LINK ""http://ebird.org/ebird/GuideMe?step=saveChoices&amp;getLocations=ibas&amp;continue=Continue&amp;reportType=location&amp;ibas=US-MN_" + str(int(!SITE_ID!))" PYTHON_9.3 #</Process><Process ToolSource="c:\program files (x86)\arcgis\desktop10.2\ArcToolbox\Toolboxes\Data Management Tools.tbx\CalculateField" Date="20131008" Time="161243">CalculateField NAS.DBO.IBA_POLY_10_7 WEBSITE_1 ""http://netapp.audubon.org/iba/site/" + str(int(!SITE_ID!))" PYTHON_9.3 #</Process><Process ToolSource="c:\program files (x86)\arcgis\desktop10.2\ArcToolbox\Toolboxes\Data Management Tools.tbx\CalculateField" Date="20131008" Time="161343">CalculateField NAS.DBO.IBA_POLY_10_7 WEBSITE_2 ""http://netapp.audubon.org/iba/Reports/" + str(int(!SITE_ID!))" PYTHON_9.3 #</Process><Process ToolSource="c:\program files (x86)\arcgis\desktop10.2\ArcToolbox\Toolboxes\Data Management Tools.tbx\CalculateField" Date="20131119" Time="135921">CalculateField NAS.DBO.IBA_POLY_10_7 chapter_1 [chapter_1] VB #</Process><Process ToolSource="c:\program files (x86)\arcgis\desktop10.2\ArcToolbox\Toolboxes\Data Management Tools.tbx\CalculateField" Date="20131119" Time="140434">CalculateField NAS.DBO.IBA_POLY_10_7 chapter_1 [CHAPTER] VB #</Process><Process ToolSource="c:\program files (x86)\arcgis\desktop10.2\ArcToolbox\Toolboxes\Data Management Tools.tbx\CalculateField" Date="20131119" Time="140548">CalculateField NAS.DBO.IBA_POLY_10_7 chapter_website_1 [CHAPTER_WEBSITE] VB #</Process><Process ToolSource="c:\program files (x86)\arcgis\desktop10.2\ArcToolbox\Toolboxes\Data Management Tools.tbx\CalculateField" Date="20131209" Time="152935">CalculateField NAS.DBO.IBA_POLY_10_7 WEBSITE_2 "'http://netapp.audubon.org/iba/Reports/' + str( int( !SITE_ID! ))" PYTHON_9.3 #</Process><Process ToolSource="c:\program files (x86)\arcgis\desktop10.2\ArcToolbox\Toolboxes\Data Management Tools.tbx\CalculateField" Date="20131209" Time="153207">CalculateField NAS.DBO.IBA_POLY_10_7 EBIRD_LINK "'http://ebird.org/ebird/GuideMe?step=saveChoices&amp;getLocations=ibas&amp;continue=Continue&amp;reportType=location&amp;ibas=US-NJ_' + str( int( !SITE_ID! ))" PYTHON_9.3 #</Process><Process ToolSource="c:\program files (x86)\arcgis\desktop10.2\ArcToolbox\Toolboxes\Data Management Tools.tbx\CalculateField" Date="20131209" Time="153340">CalculateField NAS.DBO.IBA_POLY_10_7 CONTACT_EMAIL 'jean.lynch@njaudubon.org' PYTHON_9.3 #</Process><Process ToolSource="c:\program files (x86)\arcgis\desktop10.2\ArcToolbox\Toolboxes\Data Management Tools.tbx\CalculateField" Date="20131209" Time="153445">CalculateField NAS.DBO.IBA_POLY_10_7 FLYWAY 'Atlantic' PYTHON_9.3 #</Process><Process ToolSource="c:\program files (x86)\arcgis\desktop10.2\ArcToolbox\Toolboxes\Data Management Tools.tbx\CalculateField" Date="20131209" Time="153543">CalculateField NAS.DBO.IBA_POLY_10_7 SCALE '1:50,000' PYTHON_9.3 #</Process><Process ToolSource="c:\program files (x86)\arcgis\desktop10.2\ArcToolbox\Toolboxes\Data Management Tools.tbx\CalculateField" Date="20131209" Time="153634">CalculateField NAS.DBO.IBA_POLY_10_7 SOURCE 'State Audubon' PYTHON_9.3 #</Process><Process ToolSource="c:\program files (x86)\arcgis\desktop10.2\ArcToolbox\Toolboxes\Data Management Tools.tbx\CalculateField" Date="20131209" Time="153836">CalculateField NAS.DBO.IBA_POLY_10_7 ACCURACY 1 PYTHON_9.3 #</Process><Process ToolSource="c:\program files (x86)\arcgis\desktop10.2\ArcToolbox\Toolboxes\Data Management Tools.tbx\CalculateField" Date="20140131" Time="141634">CalculateField NAS.DBO.IBA_POLY_10_7 CONTACT_EMAIL 'tbayard@audubon.org' PYTHON_9.3 #</Process><Process ToolSource="c:\program files (x86)\arcgis\desktop10.2\ArcToolbox\Toolboxes\Data Management Tools.tbx\CalculateField" Date="20140305" Time="102335">CalculateField NAS.DBO.IBA_POLY_10_7 PUBLIC_BOUND [PUBLIC_DB] VB #</Process><Process ToolSource="c:\program files (x86)\arcgis\desktop10.2\ArcToolbox\Toolboxes\Data Management Tools.tbx\CalculateField" Date="20140305" Time="102419">CalculateField NAS.DBO.IBA_POLY_10_7 CONTACT_EMAIL 'cbeidleman@audubon.org' PYTHON_9.3 #</Process><Process ToolSource="c:\program files (x86)\arcgis\desktop10.2\ArcToolbox\Toolboxes\Data Management Tools.tbx\CalculateField" Date="20140318" Time="113258">CalculateField NAS.DBO.IBA_POLY_10_7 STATE 'Georgia' PYTHON_9.3 #</Process><Process ToolSource="c:\program files (x86)\arcgis\desktop10.2\ArcToolbox\Toolboxes\Data Management Tools.tbx\CalculateField" Date="20140318" Time="114440">CalculateField NAS.DBO.IBA_POLY_10_7 STATE_DB 'US-GA' PYTHON_9.3 #</Process><Process ToolSource="c:\program files (x86)\arcgis\desktop10.2\ArcToolbox\Toolboxes\Data Management Tools.tbx\CalculateField" Date="20140318" Time="114649">CalculateField NAS.DBO.IBA_POLY_10_7 CONTACT_EMAIL 'US-GA' PYTHON_9.3 #</Process><Process ToolSource="c:\program files (x86)\arcgis\desktop10.2\ArcToolbox\Toolboxes\Data Management Tools.tbx\CalculateField" Date="20140318" Time="114751">CalculateField NAS.DBO.IBA_POLY_10_7 FLYWAY 'Atlantic' PYTHON_9.3 #</Process><Process ToolSource="c:\program files (x86)\arcgis\desktop10.2\ArcToolbox\Toolboxes\Data Management Tools.tbx\CalculateField" Date="20140318" Time="115034">CalculateField NAS.DBO.IBA_POLY_10_7 CONTACT_EMAIL 'cmmbirds@yahoo.com' PYTHON_9.3 #</Process><Process ToolSource="c:\program files (x86)\arcgis\desktop10.2\ArcToolbox\Toolboxes\Data Management Tools.tbx\CalculateField" Date="20140318" Time="115132">CalculateField NAS.DBO.IBA_POLY_10_7 SCALE '1:50,000' PYTHON_9.3 #</Process><Process ToolSource="c:\program files (x86)\arcgis\desktop10.2\ArcToolbox\Toolboxes\Data Management Tools.tbx\CalculateField" Date="20140318" Time="115237">CalculateField NAS.DBO.IBA_POLY_10_7 SOURCE 'State' PYTHON_9.3 #</Process><Process ToolSource="c:\program files (x86)\arcgis\desktop10.2\ArcToolbox\Toolboxes\Data Management Tools.tbx\CalculateField" Date="20140318" Time="115343">CalculateField NAS.DBO.IBA_POLY_10_7 ACCURACY 1 PYTHON_9.3 #</Process><Process ToolSource="c:\program files (x86)\arcgis\desktop10.2\ArcToolbox\Toolboxes\Data Management Tools.tbx\CalculateField" Date="20140318" Time="115832">CalculateField NAS.DBO.IBA_POLY_10_7 EBIRD_LINK "'http://ebird.org/ebird/GuideMe?step=saveChoices&amp;getLocations=ibas&amp;continue=Continue&amp;reportType=location&amp;ibas=US-GA_' + str(!SITE_ID!)" PYTHON_9.3 #</Process><Process ToolSource="c:\program files (x86)\arcgis\desktop10.2\ArcToolbox\Toolboxes\Data Management Tools.tbx\CalculateField" Date="20140318" Time="132549">CalculateField NAS.DBO.IBA_POLY_10_7 EBIRD_LINK "'http://ebird.org/ebird/GuideMe?step=saveChoices&amp;getLocations=ibas&amp;continue=Continue&amp;reportType=location&amp;ibas=US-GA_' + "{0:.0f}".format( !SITE_ID! )" PYTHON_9.3 #</Process><Process ToolSource="c:\program files (x86)\arcgis\desktop10.2\ArcToolbox\Toolboxes\Data Management Tools.tbx\CalculateField" Date="20140318" Time="133934">CalculateField NAS.DBO.IBA_POLY_10_7 WEBSITE_1 "'http://netapp.audubon.org/iba/site/' + "{0:.0f}".format( !SITE_ID! )" PYTHON_9.3 #</Process><Process ToolSource="c:\program files (x86)\arcgis\desktop10.2\ArcToolbox\Toolboxes\Data Management Tools.tbx\CalculateField" Date="20140318" Time="134057">CalculateField NAS.DBO.IBA_POLY_10_7 WEBSITE_2 "'http://netapp.audubon.org/iba/Reports/' + "{0:.0f}".format( !SITE_ID! )" PYTHON_9.3 #</Process><Process ToolSource="c:\program files (x86)\arcgis\desktop10.2\ArcToolbox\Toolboxes\Data Management Tools.tbx\CalculateField" Date="20140321" Time="133257">CalculateField NAS.DBO.IBA_POLY_10_7 SCALE '1:50,000' PYTHON_9.3 #</Process><Process ToolSource="c:\program files (x86)\arcgis\desktop10.2\ArcToolbox\Toolboxes\Data Management Tools.tbx\CalculateField" Date="20140321" Time="133340">CalculateField NAS.DBO.IBA_POLY_10_7 SOURCE 'State' PYTHON_9.3 #</Process><Process ToolSource="c:\program files (x86)\arcgis\desktop10.2\ArcToolbox\Toolboxes\Data Management Tools.tbx\CalculateField" Date="20140321" Time="133423">CalculateField NAS.DBO.IBA_POLY_10_7 ACCURACY 2 PYTHON_9.3 #</Process><Process ToolSource="c:\program files (x86)\arcgis\desktop10.2\ArcToolbox\Toolboxes\Data Management Tools.tbx\CalculateField" Date="20140326" Time="134517">CalculateField NAS.DBO.IBA_POLY_10_7 CONTACT_EMAIL 'pcomins@audubon.org, cfolsom-okeefe@audubon.org' PYTHON_9.3 #</Process><Process ToolSource="c:\program files (x86)\arcgis\desktop10.2\ArcToolbox\Toolboxes\Data Management Tools.tbx\CalculateField" Date="20140326" Time="134538">CalculateField NAS.DBO.IBA_POLY_10_7 FLYWAY 'Atlantic' PYTHON_9.3 #</Process><Process ToolSource="c:\program files (x86)\arcgis\desktop10.2\ArcToolbox\Toolboxes\Data Management Tools.tbx\CalculateField" Date="20140326" Time="134556">CalculateField NAS.DBO.IBA_POLY_10_7 SCALE '1:50,000' PYTHON_9.3 #</Process><Process ToolSource="c:\program files (x86)\arcgis\desktop10.2\ArcToolbox\Toolboxes\Data Management Tools.tbx\CalculateField" Date="20140326" Time="134613">CalculateField NAS.DBO.IBA_POLY_10_7 SOURCE 'State Audubon' PYTHON_9.3 #</Process><Process ToolSource="c:\program files (x86)\arcgis\desktop10.2\ArcToolbox\Toolboxes\Data Management Tools.tbx\CalculateField" Date="20140326" Time="134742">CalculateField NAS.DBO.IBA_POLY_10_7 ACCURACY 1 PYTHON_9.3 #</Process><Process ToolSource="c:\program files (x86)\arcgis\desktop10.2\ArcToolbox\Toolboxes\Data Management Tools.tbx\CalculateField" Date="20140326" Time="134933">CalculateField NAS.DBO.IBA_POLY_10_7 EBIRD_LINK "'http://ebird.org/ebird/GuideMe?step=saveChoices&amp;getLocations=ibas&amp;continue=Continue&amp;reportType=location&amp;ibas=US-CT_' + str(int(!SITE_ID!))" PYTHON_9.3 #</Process><Process ToolSource="c:\program files (x86)\arcgis\desktop10.2\ArcToolbox\Toolboxes\Data Management Tools.tbx\CalculateField" Date="20140326" Time="135004">CalculateField NAS.DBO.IBA_POLY_10_7 WEBSITE_1 "'http://netapp.audubon.org/iba/site/' + str(int(!SITE_ID!))" PYTHON_9.3 #</Process><Process ToolSource="c:\program files (x86)\arcgis\desktop10.2\ArcToolbox\Toolboxes\Data Management Tools.tbx\CalculateField" Date="20140326" Time="135025">CalculateField NAS.DBO.IBA_POLY_10_7 WEBSITE_2 "'http://netapp.audubon.org/iba/Reports/'+ str(int(!SITE_ID!))" PYTHON_9.3 #</Process><Process ToolSource="c:\program files (x86)\arcgis\desktop10.2\ArcToolbox\Toolboxes\Data Management Tools.tbx\CalculateField" Date="20140401" Time="102558">CalculateField NAS.DBO.IBA_POLY_10_7 STATE 'Massachusetts' PYTHON_9.3 #</Process><Process ToolSource="c:\program files (x86)\arcgis\desktop10.2\ArcToolbox\Toolboxes\Data Management Tools.tbx\CalculateField" Date="20140401" Time="102635">CalculateField NAS.DBO.IBA_POLY_10_7 PRIORITY 'Continental' PYTHON_9.3 #</Process><Process ToolSource="c:\program files (x86)\arcgis\desktop10.2\ArcToolbox\Toolboxes\Data Management Tools.tbx\CalculateField" Date="20140401" Time="102711">CalculateField NAS.DBO.IBA_POLY_10_7 PUBLIC_DB 1 PYTHON_9.3 #</Process><Process ToolSource="c:\program files (x86)\arcgis\desktop10.2\ArcToolbox\Toolboxes\Data Management Tools.tbx\CalculateField" Date="20140401" Time="102744">CalculateField NAS.DBO.IBA_POLY_10_7 PUBLIC_BOUND 1 PYTHON_9.3 #</Process><Process ToolSource="c:\program files (x86)\arcgis\desktop10.2\ArcToolbox\Toolboxes\Data Management Tools.tbx\CalculateField" Date="20140401" Time="102823">CalculateField NAS.DBO.IBA_POLY_10_7 STATUS 'Proposed' PYTHON_9.3 #</Process><Process ToolSource="c:\program files (x86)\arcgis\desktop10.2\ArcToolbox\Toolboxes\Data Management Tools.tbx\CalculateField" Date="20140401" Time="102907">CalculateField NAS.DBO.IBA_POLY_10_7 STATE_DB 'US-MA' PYTHON_9.3 #</Process><Process ToolSource="c:\program files (x86)\arcgis\desktop10.2\ArcToolbox\Toolboxes\Data Management Tools.tbx\CalculateField" Date="20140401" Time="103226">CalculateField NAS.DBO.IBA_POLY_10_7 FLYWAY 'Atlantic' PYTHON_9.3 #</Process><Process ToolSource="c:\program files (x86)\arcgis\desktop10.2\ArcToolbox\Toolboxes\Data Management Tools.tbx\CalculateField" Date="20140401" Time="103341">CalculateField NAS.DBO.IBA_POLY_10_7 SCALE '1:50,000' PYTHON_9.3 #</Process><Process ToolSource="c:\program files (x86)\arcgis\desktop10.2\ArcToolbox\Toolboxes\Data Management Tools.tbx\CalculateField" Date="20140401" Time="103713">CalculateField NAS.DBO.IBA_POLY_10_7 SOURCE 'Forest Block Group' PYTHON_9.3 #</Process><Process ToolSource="c:\program files (x86)\arcgis\desktop10.2\ArcToolbox\Toolboxes\Data Management Tools.tbx\CalculateField" Date="20140401" Time="103753">CalculateField NAS.DBO.IBA_POLY_10_7 ACCURACY 1 PYTHON_9.3 #</Process><Process ToolSource="c:\program files (x86)\arcgis\desktop10.2\ArcToolbox\Toolboxes\Data Management Tools.tbx\CalculateField" Date="20140401" Time="134954">CalculateField NAS.DBO.IBA_POLY_10_7 PUBLIC_DB 1 PYTHON_9.3 #</Process><Process ToolSource="c:\program files (x86)\arcgis\desktop10.2\ArcToolbox\Toolboxes\Data Management Tools.tbx\CalculateField" Date="20140401" Time="135100">CalculateField NAS.DBO.IBA_POLY_10_7 PUBLIC_BOUND 1 VB #</Process><Process ToolSource="c:\program files (x86)\arcgis\desktop10.2\ArcToolbox\Toolboxes\Data Management Tools.tbx\CalculateField" Date="20140401" Time="135227">CalculateField NAS.DBO.IBA_POLY_10_7 STATUS 'Nominated' PYTHON_9.3 #</Process><Process ToolSource="c:\program files (x86)\arcgis\desktop10.2\ArcToolbox\Toolboxes\Data Management Tools.tbx\CalculateField" Date="20140401" Time="135306">CalculateField NAS.DBO.IBA_POLY_10_7 STATE_DB 'US-WV' PYTHON_9.3 #</Process><Process ToolSource="c:\program files (x86)\arcgis\desktop10.2\ArcToolbox\Toolboxes\Data Management Tools.tbx\CalculateField" Date="20140401" Time="135358">CalculateField NAS.DBO.IBA_POLY_10_7 SCALE '1:50,000' PYTHON_9.3 #</Process><Process ToolSource="c:\program files (x86)\arcgis\desktop10.2\ArcToolbox\Toolboxes\Data Management Tools.tbx\CalculateField" Date="20140401" Time="135603">CalculateField NAS.DBO.IBA_POLY_10_7 SOURCE 'Forest Block Group' PYTHON_9.3 #</Process><Process ToolSource="c:\program files (x86)\arcgis\desktop10.2\ArcToolbox\Toolboxes\Data Management Tools.tbx\CalculateField" Date="20140401" Time="135741">CalculateField NAS.DBO.IBA_POLY_10_7 ACCURACY 1 PYTHON_9.3 #</Process><Process ToolSource="c:\program files (x86)\arcgis\desktop10.2\ArcToolbox\Toolboxes\Data Management Tools.tbx\CalculateField" Date="20140421" Time="151400">CalculateField NAS.DBO.IBA_POLY_10_7 PRIORITY 'Continental' PYTHON_9.3 #</Process><Process ToolSource="c:\program files (x86)\arcgis\desktop10.2\ArcToolbox\Toolboxes\Data Management Tools.tbx\CalculateField" Date="20140421" Time="151506">CalculateField NAS.DBO.IBA_POLY_10_7 STATUS 'Nominated' PYTHON_9.3 #</Process><Process ToolSource="c:\program files (x86)\arcgis\desktop10.2\ArcToolbox\Toolboxes\Data Management Tools.tbx\CalculateField" Date="20140421" Time="152141">CalculateField NAS.DBO.IBA_POLY_10_7 STATE_DB 'US-VT' PYTHON_9.3 #</Process><Process ToolSource="c:\program files (x86)\arcgis\desktop10.2\ArcToolbox\Toolboxes\Data Management Tools.tbx\CalculateField" Date="20140421" Time="152217">CalculateField NAS.DBO.IBA_POLY_10_7 FLYWAY 'Atlantic' PYTHON_9.3 #</Process><Process ToolSource="c:\program files (x86)\arcgis\desktop10.2\ArcToolbox\Toolboxes\Data Management Tools.tbx\CalculateField" Date="20140421" Time="152448">CalculateField NAS.DBO.IBA_POLY_10_7 SCALE '1:50,000' PYTHON_9.3 #</Process><Process ToolSource="c:\program files (x86)\arcgis\desktop10.2\ArcToolbox\Toolboxes\Data Management Tools.tbx\CalculateField" Date="20140421" Time="152510">CalculateField NAS.DBO.IBA_POLY_10_7 SOURCE 'Forest Block Group' PYTHON_9.3 #</Process><Process ToolSource="c:\program files (x86)\arcgis\desktop10.2\ArcToolbox\Toolboxes\Data Management Tools.tbx\CalculateField" Date="20140421" Time="152549">CalculateField NAS.DBO.IBA_POLY_10_7 ACCURACY 1 PYTHON_9.3 #</Process><Process ToolSource="c:\program files (x86)\arcgis\desktop10.2\ArcToolbox\Toolboxes\Data Management Tools.tbx\CalculateField" Date="20140421" Time="152817">CalculateField NAS.DBO.IBA_POLY_10_7 CONTACT_EMAIL 'jshallow@audubon.org' PYTHON_9.3 #</Process><Process ToolSource="c:\program files (x86)\arcgis\desktop10.2\ArcToolbox\Toolboxes\Data Management Tools.tbx\CalculateField" Date="20140616" Time="142242">CalculateField NAS.DBO.IBA_POLY_10_7 CONTACT_EMAIL 'ssargent@audubon.org' PYTHON_9.3 #</Process><Process ToolSource="c:\program files (x86)\arcgis\desktop10.2\ArcToolbox\Toolboxes\Data Management Tools.tbx\CalculateField" Date="20140627" Time="150557">CalculateField NAS.DBO.IBA_POLY_10_7 CONTACT_EMAIL 'mejohnson@audubon.org' PYTHON_9.3 #</Process><Process ToolSource="c:\program files (x86)\arcgis\desktop10.2\ArcToolbox\Toolboxes\Data Management Tools.tbx\CalculateField" Date="20140627" Time="150714">CalculateField NAS.DBO.IBA_POLY_10_7 HECTARES !ACRES!*0.404686 PYTHON_9.3 #</Process><Process ToolSource="c:\program files (x86)\arcgis\desktop10.2\ArcToolbox\Toolboxes\Data Management Tools.tbx\CalculateField" Date="20140627" Time="151324">CalculateField NAS.DBO.IBA_POLY_10_7 WEBSITE_1 "'http://netapp.audubon.org/iba/site/' + str(int( !SITE_ID! ))" PYTHON_9.3 #</Process><Process ToolSource="c:\program files (x86)\arcgis\desktop10.2\ArcToolbox\Toolboxes\Data Management Tools.tbx\CalculateField" Date="20140627" Time="151352">CalculateField NAS.DBO.IBA_POLY_10_7 WEBSITE_2 "'http://netapp.audubon.org/iba/Reports/' + str(int( !SITE_ID! ))" PYTHON_9.3 #</Process><Process ToolSource="c:\program files (x86)\arcgis\desktop10.2\ArcToolbox\Toolboxes\Data Management Tools.tbx\CalculateField" Date="20140915" Time="164601">CalculateField NAS.DBO.IBA_POLY_10_7 CONTACT_EMAIL 'mejohnson@audubon.org' PYTHON_9.3 #</Process><Process ToolSource="c:\program files (x86)\arcgis\desktop10.2\ArcToolbox\Toolboxes\Data Management Tools.tbx\CalculateField" Date="20140915" Time="164627">CalculateField NAS.DBO.IBA_POLY_10_7 SCALE '1:50,000' PYTHON_9.3 #</Process><Process ToolSource="c:\program files (x86)\arcgis\desktop10.2\ArcToolbox\Toolboxes\Data Management Tools.tbx\CalculateField" Date="20140915" Time="164658">CalculateField NAS.DBO.IBA_POLY_10_7 ACCURACY 2 PYTHON_9.3 #</Process><Process ToolSource="c:\program files (x86)\arcgis\desktop10.2\ArcToolbox\Toolboxes\Data Management Tools.tbx\CalculateField" Date="20140915" Time="164814">CalculateField NAS.DBO.IBA_POLY_10_7 WEBSITE_1 "'http://netapp.audubon.org/iba/site/' + str( !SITE_ID!)" PYTHON_9.3 #</Process><Process ToolSource="c:\program files (x86)\arcgis\desktop10.2\ArcToolbox\Toolboxes\Data Management Tools.tbx\CalculateField" Date="20140915" Time="164845">CalculateField NAS.DBO.IBA_POLY_10_7 WEBSITE_1 "'http://netapp.audubon.org/iba/site/' + !SITE_ID!" PYTHON_9.3 #</Process><Process ToolSource="c:\program files (x86)\arcgis\desktop10.2\ArcToolbox\Toolboxes\Data Management Tools.tbx\CalculateField" Date="20141029" Time="154849">CalculateField NAS.DBO.IBA_POLY_10_7 PUBLIC_BOUND [PUBLIC_DB] VB #</Process><Process ToolSource="c:\program files (x86)\arcgis\desktop10.2\ArcToolbox\Toolboxes\Data Management Tools.tbx\CalculateField" Date="20150225" Time="113625">CalculateField NAS.DBO.IBA_POLY_10_7 PUBLIC_BOUND [PUBLIC_DB] VB #</Process><Process ToolSource="c:\program files (x86)\arcgis\desktop10.2\ArcToolbox\Toolboxes\Data Management Tools.tbx\CalculateField" Date="20150225" Time="113716">CalculateField NAS.DBO.IBA_POLY_10_7 CONTACT_EMAIL 'ssargent@audubon.org' PYTHON_9.3 #</Process><Process ToolSource="c:\program files (x86)\arcgis\desktop10.2\ArcToolbox\Toolboxes\Data Management Tools.tbx\CalculateField" Date="20150701" Time="142739">CalculateField NAS.DBO.IBA_POLY_10_7 STATUS 'Recognized' PYTHON_9.3 #</Process><Process ToolSource="c:\program files (x86)\arcgis\desktop10.2\ArcToolbox\Toolboxes\Data Management Tools.tbx\CalculateField" Date="20150701" Time="144559">CalculateField NAS.DBO.IBA_POLY_10_7 STATUS 'Recognized' PYTHON_9.3 #</Process><Process ToolSource="c:\program files (x86)\arcgis\desktop10.2\ArcToolbox\Toolboxes\Data Management Tools.tbx\CalculateField" Date="20150701" Time="144709">CalculateField NAS.DBO.IBA_POLY_10_7 PUBLIC_DB 1 PYTHON_9.3 #</Process><Process ToolSource="c:\program files (x86)\arcgis\desktop10.2\ArcToolbox\Toolboxes\Data Management Tools.tbx\CalculateField" Date="20150701" Time="144721">CalculateField NAS.DBO.IBA_POLY_10_7 PUBLIC_BOUND 1 PYTHON_9.3 #</Process><Process ToolSource="c:\program files (x86)\arcgis\desktop10.3\ArcToolbox\Toolboxes\Data Management Tools.tbx\Append" Date="20180130" Time="200228">Append MAMU_IBA NAS.DBO.ImportantBirdAreas_Poly NO_TEST "SITE_ID "SITE_ID" true true false 8 Double 8 38 ,First,#;PELAGIC_TYPE "PELAGIC_TYPE" true true false 50 Text 0 0 ,First,#;SITE_NAME "SITE_NAME" true true false 254 Text 0 0 ,First,#,MAMU_IBA,IBA_Name,-1,-1;STATE "STATE" true true false 254 Text 0 0 ,First,#;PRIORITY "PRIORITY" true true false 254 Text 0 0 ,First,#;PUBLIC_DB "PUBLIC_DB" true true false 8 Double 8 38 ,First,#;PUBLIC_BOUND "PUBLIC_BOUND" true true false 8 Double 8 38 ,First,#;STATUS "STATUS" true true false 254 Text 0 0 ,First,#;STATE_DB "STATE_DB" true true false 254 Text 0 0 ,First,#;CONTACT_EMAIL "CONTACT_EMAIL" true true false 254 Text 0 0 ,First,#;FLYWAY "FLYWAY" true true false 254 Text 0 0 ,First,#;SCALE "SCALE" true true false 254 Text 0 0 ,First,#;SOURCE "SOURCE" true true false 254 Text 0 0 ,First,#;ACCURACY "ACCURACY" true true false 8 Double 8 38 ,First,#;HECTARES "HECTARES" true true false 8 Double 8 38 ,First,#;EBIRD_LINK "EBIRD_LINK" true true false 254 Text 0 0 ,First,#;LATITUDE "LATITUDE" true true false 8 Double 8 38 ,First,#;LONGITUDE "LONGITUDE" true true false 8 Double 8 38 ,First,#;WEBSITE_1 "WEBSITE_1" true true false 50 Text 0 0 ,First,#;WEBSITE_2 "WEBSITE_2" true true false 50 Text 0 0 ,First,#;ACRES "ACRES" true true false 8 Double 8 38 ,First,#;GlobalID "GlobalID" false false false 38 GlobalID 0 0 ,First,#;created_user "created_user" false true false 255 Text 0 0 ,First,#;created_date "created_date" false true false 36 Date 0 0 ,First,#;last_edited_user "last_edited_user" false true false 255 Text 0 0 ,First,#;last_edited_date "last_edited_date" false true false 36 Date 0 0 ,First,#;chapter_1 "chapter_1" true true false 255 Text 0 0 ,First,#;chapter_website_1 "chapter_website_1" true true false 255 Text 0 0 ,First,#;Shape.STArea() "Shape.STArea()" false false true 0 Double 0 0 ,First,#;Shape.STLength() "Shape.STLength()" false false true 0 Double 0 0 ,First,#" #</Process><Process ToolSource="c:\program files (x86)\arcgis\desktop10.3\ArcToolbox\Toolboxes\Data Management Tools.tbx\Append" Date="20180130" Time="201540">Append Tucson_Sky_Islands_IBA_Sept_2017 NAS.DBO.ImportantBirdAreas_Poly NO_TEST "SITE_ID "SITE_ID" true true false 8 Double 8 38 ,First,#;PELAGIC_TYPE "PELAGIC_TYPE" true true false 50 Text 0 0 ,First,#;SITE_NAME "SITE_NAME" true true false 254 Text 0 0 ,First,#,Tucson_Sky_Islands_IBA_Sept_2017,IBA_NAME,-1,-1;STATE "STATE" true true false 254 Text 0 0 ,First,#;PRIORITY "PRIORITY" true true false 254 Text 0 0 ,First,#;PUBLIC_DB "PUBLIC_DB" true true false 8 Double 8 38 ,First,#;PUBLIC_BOUND "PUBLIC_BOUND" true true false 8 Double 8 38 ,First,#;STATUS "STATUS" true true false 254 Text 0 0 ,First,#;STATE_DB "STATE_DB" true true false 254 Text 0 0 ,First,#;CONTACT_EMAIL "CONTACT_EMAIL" true true false 254 Text 0 0 ,First,#;FLYWAY "FLYWAY" true true false 254 Text 0 0 ,First,#;SCALE "SCALE" true true false 254 Text 0 0 ,First,#;SOURCE "SOURCE" true true false 254 Text 0 0 ,First,#;ACCURACY "ACCURACY" true true false 8 Double 8 38 ,First,#;HECTARES "HECTARES" true true false 8 Double 8 38 ,First,#;EBIRD_LINK "EBIRD_LINK" true true false 254 Text 0 0 ,First,#;LATITUDE "LATITUDE" true true false 8 Double 8 38 ,First,#;LONGITUDE "LONGITUDE" true true false 8 Double 8 38 ,First,#;WEBSITE_1 "WEBSITE_1" true true false 50 Text 0 0 ,First,#;WEBSITE_2 "WEBSITE_2" true true false 50 Text 0 0 ,First,#;ACRES "ACRES" true true false 8 Double 8 38 ,First,#;GlobalID "GlobalID" false false false 38 GlobalID 0 0 ,First,#;created_user "created_user" false true false 255 Text 0 0 ,First,#;created_date "created_date" false true false 36 Date 0 0 ,First,#;last_edited_user "last_edited_user" false true false 255 Text 0 0 ,First,#;last_edited_date "last_edited_date" false true false 36 Date 0 0 ,First,#;chapter_1 "chapter_1" true true false 255 Text 0 0 ,First,#;chapter_website_1 "chapter_website_1" true true false 255 Text 0 0 ,First,#;Shape.STArea() "Shape.STArea()" false false true 0 Double 0 0 ,First,#;Shape.STLength() "Shape.STLength()" false false true 0 Double 0 0 ,First,#" #</Process><Process ToolSource="c:\program files (x86)\arcgis\desktop10.3\ArcToolbox\Toolboxes\Data Management Tools.tbx\CalculateField" Date="20180628" Time="095722">CalculateField IBAs_Feb2018 StateAbbr !STATE_DB![-2:] PYTHON_9.3 #</Process></lineage><itemProps><itemLocation><linkage Sync="TRUE">file://\\MININT-AO0UKNB\C$\Users\jwu\Box Sync\2_Projects\ImportantBirdAreas\Mapping\requests\audiba_private_20180220\commondata\iba_shapefile\audiba_private_20180220</linkage><protocol Sync="TRUE">Local Area Network</protocol></itemLocation><itemName Sync="TRUE">audiba_private_20180220</itemName><imsContentType Sync="TRUE">002</imsContentType><itemSize Sync="TRUE">0.000</itemSize></itemProps><coordRef><type Sync="TRUE">Projected</type><geogcsn Sync="TRUE">GCS_WGS_1984</geogcsn><csUnits Sync="TRUE">Linear Unit: Meter (1.000000)</csUnits><peXml Sync="TRUE">&lt;ProjectedCoordinateSystem xsi:type='typens:ProjectedCoordinateSystem' xmlns:xsi='http://www.w3.org/2001/XMLSchema-instance' xmlns:xs='http://www.w3.org/2001/XMLSchema' xmlns:typens='http://www.esri.com/schemas/ArcGIS/2.0.0'&gt;&lt;WKT&gt;PROJCS[&amp;quot;WGS_1984_Web_Mercator_Auxiliary_Sphere&amp;quot;,GEOGCS[&amp;quot;GCS_WGS_1984&amp;quot;,DATUM[&amp;quot;D_WGS_1984&amp;quot;,SPHEROID[&amp;quot;WGS_1984&amp;quot;,6378137.0,298.257223563]],PRIMEM[&amp;quot;Greenwich&amp;quot;,0.0],UNIT[&amp;quot;Degree&amp;quot;,0.0174532925199433]],PROJECTION[&amp;quot;Mercator_Auxiliary_Sphere&amp;quot;],PARAMETER[&amp;quot;False_Easting&amp;quot;,0.0],PARAMETER[&amp;quot;False_Northing&amp;quot;,0.0],PARAMETER[&amp;quot;Central_Meridian&amp;quot;,0.0],PARAMETER[&amp;quot;Standard_Parallel_1&amp;quot;,0.0],PARAMETER[&amp;quot;Auxiliary_Sphere_Type&amp;quot;,0.0],UNIT[&amp;quot;Meter&amp;quot;,1.0],AUTHORITY[&amp;quot;EPSG&amp;quot;,3857]]&lt;/WKT&gt;&lt;XOrigin&gt;-20037700&lt;/XOrigin&gt;&lt;YOrigin&gt;-30241100&lt;/YOrigin&gt;&lt;XYScale&gt;148923141.92838538&lt;/XYScale&gt;&lt;ZOrigin&gt;-100000&lt;/ZOrigin&gt;&lt;ZScale&gt;10000&lt;/ZScale&gt;&lt;MOrigin&gt;-100000&lt;/MOrigin&gt;&lt;MScale&gt;10000&lt;/MScale&gt;&lt;XYTolerance&gt;0.001&lt;/XYTolerance&gt;&lt;ZTolerance&gt;0.001&lt;/ZTolerance&gt;&lt;MTolerance&gt;0.001&lt;/MTolerance&gt;&lt;HighPrecision&gt;true&lt;/HighPrecision&gt;&lt;WKID&gt;102100&lt;/WKID&gt;&lt;LatestWKID&gt;3857&lt;/LatestWKID&gt;&lt;/ProjectedCoordinateSystem&gt;</peXml><projcsn Sync="TRUE">WGS_1984_Web_Mercator_Auxiliary_Sphere</projcsn></coordRef><copyHistory><copy source="C:\Users\jwu\Box Sync\2_Projects\ImportantBirdAreas\Mapping\data\iba_shapefile\audiba_private_20180220" dest="\\MININT-AO0UKNB\C$\Users\jwu\Box Sync\2_Projects\ImportantBirdAreas\Mapping\requests\audiba_private_20180220\commondata\iba_shapefile\audiba_private_20180220" date="20180312" time="09504600"></copy></copyHistory></DataProperties><SyncDate>20180312</SyncDate><SyncTime>09403700</SyncTime><ModDate>20180312</ModDate><ModTime>09403700</ModTime></Esri><dataIdInfo><envirDesc Sync="TRUE">Microsoft Windows 8 Version 6.2 (Build 9200) ; Esri ArcGIS 12.0.1.8933</envirDesc><dataLang><languageCode value="eng" Sync="TRUE"/><countryCode value="USA" Sync="TRUE"/></dataLang><idCitation><resTitle Sync="TRUE">audiba_private_20180220</resTitle><presForm><PresFormCd value="005" Sync="TRUE"/></presForm></idCitation><spatRpType><SpatRepTypCd value="001" Sync="TRUE"/></spatRpType></dataIdInfo><mdLang><languageCode value="eng" Sync="TRUE"/><countryCode value="USA" Sync="TRUE"/></mdLang><distInfo><distFormat><formatName Sync="TRUE">Shapefile</formatName></distFormat><distTranOps><transSize Sync="TRUE">0.000</transSize></distTranOps></distInfo><mdHrLv><ScopeCd value="005" Sync="TRUE"/></mdHrLv><mdHrLvName Sync="TRUE">dataset</mdHrLvName><refSysInfo><RefSystem><refSysID><identCode code="3857" Sync="TRUE"/><idCodeSpace Sync="TRUE">EPSG</idCodeSpace><idVersion Sync="TRUE">8.8(9.3.1.2)</idVersion></refSysID></RefSystem></refSysInfo><spatRepInfo><VectSpatRep><geometObjs Name="audiba_private_20180220"><geoObjTyp><GeoObjTypCd value="002" Sync="TRUE"></GeoObjTypCd></geoObjTyp><geoObjCnt Sync="TRUE">0</geoObjCnt></geometObjs><topLvl><TopoLevCd value="001" Sync="TRUE"></TopoLevCd></topLvl></VectSpatRep></spatRepInfo><spdoinfo><ptvctinf><esriterm Name="audiba_private_20180220"><efeatyp Sync="TRUE">Simple</efeatyp><efeageom code="4" Sync="TRUE"></efeageom><esritopo Sync="TRUE">FALSE</esritopo><efeacnt Sync="TRUE">0</efeacnt><spindex Sync="TRUE">FALSE</spindex><linrefer Sync="TRUE">TRUE</linrefer></esriterm></ptvctinf></spdoinfo><eainfo><detailed Name="audiba_private_20180220"><enttyp><enttypl Sync="TRUE">audiba_private_20180220</enttypl><enttypt Sync="TRUE">Feature Class</enttypt><enttypc Sync="TRUE">0</enttypc></enttyp><attr><attrlabl Sync="TRUE">FID</attrlabl><attalias Sync="TRUE">FID</attalias><attrtype Sync="TRUE">OID</attrtype><attwidth Sync="TRUE">4</attwidth><atprecis Sync="TRUE">0</atprecis><attscale Sync="TRUE">0</attscale><attrdef Sync="TRUE">Internal feature number.</attrdef><attrdefs Sync="TRUE">Esri</attrdefs><attrdomv><udom Sync="TRUE">Sequential unique whole numbers that are automatically generated.</udom></attrdomv></attr><attr><attrlabl Sync="TRUE">Shape</attrlabl><attalias Sync="TRUE">Shape</attalias><attrtype Sync="TRUE">Geometry</attrtype><attwidth Sync="TRUE">0</attwidth><atprecis Sync="TRUE">0</atprecis><attscale Sync="TRUE">0</attscale><attrdef Sync="TRUE">Feature geometry.</attrdef><attrdefs Sync="TRUE">Esri</attrdefs><attrdomv><udom Sync="TRUE">Coordinates defining the features.</udom></attrdomv></attr><attr><attrlabl Sync="TRUE">SITE_NAME</attrlabl><attalias Sync="TRUE">SITE_NAME</attalias><attrtype Sync="TRUE">String</attrtype><attwidth Sync="TRUE">254</attwidth><atprecis Sync="TRUE">0</atprecis><attscale Sync="TRUE">0</attscale></attr><attr><attrlabl Sync="TRUE">PELAGIC_TY</attrlabl><attalias Sync="TRUE">PELAGIC_TY</attalias><attrtype Sync="TRUE">String</attrtype><attwidth Sync="TRUE">50</attwidth><atprecis Sync="TRUE">0</atprecis><attscale Sync="TRUE">0</attscale></attr><attr><attrlabl Sync="TRUE">STATE</attrlabl><attalias Sync="TRUE">STATE</attalias><attrtype Sync="TRUE">String</attrtype><attwidth Sync="TRUE">254</attwidth><atprecis Sync="TRUE">0</atprecis><attscale Sync="TRUE">0</attscale></attr><attr><attrlabl Sync="TRUE">PRIORITY</attrlabl><attalias Sync="TRUE">PRIORITY</attalias><attrtype Sync="TRUE">String</attrtype><attwidth Sync="TRUE">254</attwidth><atprecis Sync="TRUE">0</atprecis><attscale Sync="TRUE">0</attscale></attr><attr><attrlabl Sync="TRUE">PUBLIC_DB</attrlabl><attalias Sync="TRUE">PUBLIC_DB</attalias><attrtype Sync="TRUE">Double</attrtype><attwidth Sync="TRUE">19</attwidth><atprecis Sync="TRUE">0</atprecis><attscale Sync="TRUE">0</attscale></attr><attr><attrlabl Sync="TRUE">STATUS</attrlabl><attalias Sync="TRUE">STATUS</attalias><attrtype Sync="TRUE">String</attrtype><attwidth Sync="TRUE">254</attwidth><atprecis Sync="TRUE">0</atprecis><attscale Sync="TRUE">0</attscale></attr><attr><attrlabl Sync="TRUE">PUBLIC_BOU</attrlabl><attalias Sync="TRUE">PUBLIC_BOU</attalias><attrtype Sync="TRUE">Double</attrtype><attwidth Sync="TRUE">19</attwidth><atprecis Sync="TRUE">0</atprecis><attscale Sync="TRUE">0</attscale></attr><attr><attrlabl Sync="TRUE">STATE_DB</attrlabl><attalias Sync="TRUE">STATE_DB</attalias><attrtype Sync="TRUE">String</attrtype><attwidth Sync="TRUE">254</attwidth><atprecis Sync="TRUE">0</atprecis><attscale Sync="TRUE">0</attscale></attr><attr><attrlabl Sync="TRUE">FLYWAY</attrlabl><attalias Sync="TRUE">FLYWAY</attalias><attrtype Sync="TRUE">String</attrtype><attwidth Sync="TRUE">254</attwidth><atprecis Sync="TRUE">0</atprecis><attscale Sync="TRUE">0</attscale></attr><attr><attrlabl Sync="TRUE">CONTACT_EM</attrlabl><attalias Sync="TRUE">CONTACT_EM</attalias><attrtype Sync="TRUE">String</attrtype><attwidth Sync="TRUE">254</attwidth><atprecis Sync="TRUE">0</atprecis><attscale Sync="TRUE">0</attscale></attr><attr><attrlabl Sync="TRUE">SCALE</attrlabl><attalias Sync="TRUE">SCALE</attalias><attrtype Sync="TRUE">String</attrtype><attwidth Sync="TRUE">254</attwidth><atprecis Sync="TRUE">0</atprecis><attscale Sync="TRUE">0</attscale></attr><attr><attrlabl Sync="TRUE">SOURCE</attrlabl><attalias Sync="TRUE">SOURCE</attalias><attrtype Sync="TRUE">String</attrtype><attwidth Sync="TRUE">254</attwidth><atprecis Sync="TRUE">0</atprecis><attscale Sync="TRUE">0</attscale></attr><attr><attrlabl Sync="TRUE">ACCURACY</attrlabl><attalias Sync="TRUE">ACCURACY</attalias><attrtype Sync="TRUE">Double</attrtype><attwidth Sync="TRUE">19</attwidth><atprecis Sync="TRUE">0</atprecis><attscale Sync="TRUE">0</attscale></attr><attr><attrlabl Sync="TRUE">HECTARES</attrlabl><attalias Sync="TRUE">HECTARES</attalias><attrtype Sync="TRUE">Double</attrtype><attwidth Sync="TRUE">19</attwidth><atprecis Sync="TRUE">0</atprecis><attscale Sync="TRUE">0</attscale></attr><attr><attrlabl Sync="TRUE">EBIRD_LINK</attrlabl><attalias Sync="TRUE">EBIRD_LINK</attalias><attrtype Sync="TRUE">String</attrtype><attwidth Sync="TRUE">254</attwidth><atprecis Sync="TRUE">0</atprecis><attscale Sync="TRUE">0</attscale></attr><attr><attrlabl Sync="TRUE">LATITUDE</attrlabl><attalias Sync="TRUE">LATITUDE</attalias><attrtype Sync="TRUE">Double</attrtype><attwidth Sync="TRUE">19</attwidth><atprecis Sync="TRUE">0</atprecis><attscale Sync="TRUE">0</attscale></attr><attr><attrlabl Sync="TRUE">LONGITUDE</attrlabl><attalias Sync="TRUE">LONGITUDE</attalias><attrtype Sync="TRUE">Double</attrtype><attwidth Sync="TRUE">19</attwidth><atprecis Sync="TRUE">0</atprecis><attscale Sync="TRUE">0</attscale></attr><attr><attrlabl Sync="TRUE">WEBSITE_1</attrlabl><attalias Sync="TRUE">WEBSITE_1</attalias><attrtype Sync="TRUE">String</attrtype><attwidth Sync="TRUE">50</attwidth><atprecis Sync="TRUE">0</atprecis><attscale Sync="TRUE">0</attscale></attr><attr><attrlabl Sync="TRUE">WEBSITE_2</attrlabl><attalias Sync="TRUE">WEBSITE_2</attalias><attrtype Sync="TRUE">String</attrtype><attwidth Sync="TRUE">50</attwidth><atprecis Sync="TRUE">0</atprecis><attscale Sync="TRUE">0</attscale></attr><attr><attrlabl Sync="TRUE">ACRES</attrlabl><attalias Sync="TRUE">ACRES</attalias><attrtype Sync="TRUE">Double</attrtype><attwidth Sync="TRUE">19</attwidth><atprecis Sync="TRUE">0</atprecis><attscale Sync="TRUE">0</attscale></attr><attr><attrlabl Sync="TRUE">SITE_ID</attrlabl><attalias Sync="TRUE">SITE_ID</attalias><attrtype Sync="TRUE">Double</attrtype><attwidth Sync="TRUE">19</attwidth><atprecis Sync="TRUE">0</atprecis><attscale Sync="TRUE">0</attscale></attr><attr><attrlabl Sync="TRUE">GlobalID</attrlabl><attalias Sync="TRUE">GlobalID</attalias><attrtype Sync="TRUE">String</attrtype><attwidth Sync="TRUE">38</attwidth><atprecis Sync="TRUE">0</atprecis><attscale Sync="TRUE">0</attscale></attr><attr><attrlabl Sync="TRUE">created_us</attrlabl><attalias Sync="TRUE">created_us</attalias><attrtype Sync="TRUE">String</attrtype><attwidth Sync="TRUE">254</attwidth><atprecis Sync="TRUE">0</atprecis><attscale Sync="TRUE">0</attscale></attr><attr><attrlabl Sync="TRUE">created_da</attrlabl><attalias Sync="TRUE">created_da</attalias><attrtype Sync="TRUE">Date</attrtype><attwidth Sync="TRUE">8</attwidth><atprecis Sync="TRUE">0</atprecis><attscale Sync="TRUE">0</attscale></attr><attr><attrlabl Sync="TRUE">last_edite</attrlabl><attalias Sync="TRUE">last_edite</attalias><attrtype Sync="TRUE">String</attrtype><attwidth Sync="TRUE">254</attwidth><atprecis Sync="TRUE">0</atprecis><attscale Sync="TRUE">0</attscale></attr><attr><attrlabl Sync="TRUE">last_edi_1</attrlabl><attalias Sync="TRUE">last_edi_1</attalias><attrtype Sync="TRUE">Date</attrtype><attwidth Sync="TRUE">8</attwidth><atprecis Sync="TRUE">0</atprecis><attscale Sync="TRUE">0</attscale></attr><attr><attrlabl Sync="TRUE">chapter_1</attrlabl><attalias Sync="TRUE">chapter_1</attalias><attrtype Sync="TRUE">String</attrtype><attwidth Sync="TRUE">254</attwidth><atprecis Sync="TRUE">0</atprecis><attscale Sync="TRUE">0</attscale></attr><attr><attrlabl Sync="TRUE">chapter_we</attrlabl><attalias Sync="TRUE">chapter_we</attalias><attrtype Sync="TRUE">String</attrtype><attwidth Sync="TRUE">254</attwidth><atprecis Sync="TRUE">0</atprecis><attscale Sync="TRUE">0</attscale></attr><attr><attrlabl Sync="TRUE">Shape_STAr</attrlabl><attalias Sync="TRUE">Shape_STAr</attalias><attrtype Sync="TRUE">Double</attrtype><attwidth Sync="TRUE">19</attwidth><atprecis Sync="TRUE">0</atprecis><attscale Sync="TRUE">0</attscale></attr><attr><attrlabl Sync="TRUE">Shape_STLe</attrlabl><attalias Sync="TRUE">Shape_STLe</attalias><attrtype Sync="TRUE">Double</attrtype><attwidth Sync="TRUE">19</attwidth><atprecis Sync="TRUE">0</atprecis><attscale Sync="TRUE">0</attscale></attr></detailed></eainfo><mdDateSt Sync="TRUE">20180312</mdDateSt></metadata>
